[{"F:\\WORK\\MY-WORK\\sublime\\umpay-work\\\u4e1a\u52a1\u540e\u53f0\\\u4f01\u4e1a\u8d26\u6237\u6362\u5361\\\u8d26\u6237\u6362\u5361\u6d4b\u8bd5.md": "ASCII"}, {"F:\\WORK\\MY-WORK\\sublime\\umpay-work\\sftp.md": "ASCII"}, {"F:\\WORK\\MY-WORK\\sublime\\umpay-work\\\u7ebf\u4e0a\u95ee\u9898.md": "UTF-8"}, {"F:\\WORK\\MY-WORK\\sublime\\umpay-work\\\u4e1a\u52a1\u540e\u53f0\\\u7528\u6237\u7b7e\u5230\\\u7b7e\u5230\u6d4b\u8bd5.sql": "UTF-8"}, {"F:\\WORK\\MY-WORK\\sublime\\umpay-work\\\u4e1a\u52a1\u540e\u53f0\\\u4f01\u4e1a\u8d26\u6237\u6362\u5361\\\u5b50\u8d26\u6237\u7ed1\u5b9a\u8bb0\u5f55-\u8868\u8bbe\u8ba1.sql": "UTF-8"}, {"F:\\WORK\\MY-WORK\\sublime\\umpay-work\\\u5de5\u4f5c\u8ba1\u5212.md": "UTF-8"}, {"F:\\WORK\\MY-WORK\\sublime\\umpay-work\\\u4e1a\u52a1\u540e\u53f0\\\u6d3b\u52a8\\\u67e5\u8be2.sql": "ASCII"}, {"F:\\WORK\\MY-WORK\\sublime\\umpay-work\\\u4e00\u5361\u901aAccount.md": "UTF-8"}, {"F:\\WORK\\MY-WORK\\sublime\\umpay-work\\\u5f00\u53d1\u6539\u52a8\\2016-10-10.md": "UTF-8"}, {"F:\\WORK\\MY-WORK\\sublime\\umpay-work\\\u5bf9\u8d26\\\u5bf9\u8d26.md": "UTF-8"}, {"F:\\WORK\\MY-WORK\\sublime\\umpay-work\\\u4e1a\u52a1\u540e\u53f0\\\u7528\u6237\u7b7e\u5230\\\u8bbe\u8ba1.md": "UTF-8"}, {"F:\\WORK\\MyGitHub\\JavaTools\\date\\DateOperator.java": "ASCII"}, {"F:\\WORK\\MY-WORK\\sublime\\umpay-work\\\u6d3b\u52a8\\\u67e5\u8be2.sql": "ASCII"}, {"F:\\WORK\\MY-WORK\\sublime\\sublime\\sublime\u5b89\u88c5.md": "UTF-8"}, {"F:\\WORK\\MY-WORK\\sublime\\sublime-test\\test.sh": "ASCII"}, {"F:\\WORK\\MY-WORK\\sublime\\sublime\\test.sql": "ASCII"}, {"D:\\Program Files\\Sublime Text 3\\Data\\Packages\\User\\Side Bar Folders.sublime-settings": "ASCII"}, {"F:\\WORK\\MY-WORK\\sublime\\umpay-work\\\u77ed\u4fe1\u4e0b\u53d1\\\u77ed\u4fe1\u4e0b\u53d1\u6d41\u7a0b.md": "UTF-8"}, {"F:\\WORK\\MY-WORK\\sublime\\umpay-work\\\u77ed\u4fe1\u4e0b\u53d1\\\u77ed\u4fe1\u4e0b\u53d1.sql": "UTF-8"}, {"F:\\WORK\\MY-WORK\\sublime\\sublime-test\\test.js": "ASCII"}, {"F:\\WORK\\MY-WORK\\sublime\\bmac-weixin\\ftpsync.settings": "ASCII"}, {"F:\\WORK\\MY-WORK\\sublime\\sublime\u5b89\u88c5.md": "UTF-8"}]